agent_id,year,cumulative_state,elevated,has_insurance,relocated,trust_insurance,trust_neighbors
Agent_1,1,Only Flood Insurance,False,True,False,0.26,0.37
Agent_10,1,Only Flood Insurance,False,True,False,0.22,0.45999999999999996
Agent_100,1,Only Flood Insurance,False,True,False,0.24,0.47
Agent_11,1,Do Nothing,False,False,False,0.22,0.52
Agent_12,1,Do Nothing,False,False,False,0.26999999999999996,0.35
Agent_13,1,Do Nothing,False,False,False,0.21000000000000002,0.43
Agent_14,1,Do Nothing,False,False,False,0.26999999999999996,0.49
Agent_15,1,Do Nothing,False,False,False,0.43,0.48
Agent_16,1,Only Flood Insurance,False,True,False,0.35000000000000003,0.45
Agent_17,1,Do Nothing,False,False,False,0.26999999999999996,0.51
Agent_18,1,Only Flood Insurance,False,True,False,0.25,0.41
Agent_19,1,Do Nothing,False,False,False,0.44999999999999996,0.35
Agent_2,1,Only Flood Insurance,False,True,False,0.22,0.45999999999999996
Agent_20,1,Only Flood Insurance,False,True,False,0.39,0.38
Agent_21,1,Only Flood Insurance,False,True,False,0.46,0.37
Agent_22,1,Only Flood Insurance,False,True,False,0.51,0.47
Agent_23,1,Do Nothing,False,False,False,0.24000000000000002,0.53
Agent_24,1,Do Nothing,False,False,False,0.45999999999999996,0.49
Agent_25,1,Only Flood Insurance,False,True,False,0.25,0.45999999999999996
Agent_26,1,Only Flood Insurance,False,True,False,0.30000000000000004,0.33999999999999997
Agent_27,1,Do Nothing,False,False,False,0.32,0.37
Agent_28,1,Do Nothing,False,False,False,0.31,0.52
Agent_29,1,Only Flood Insurance,False,True,False,0.29000000000000004,0.41
Agent_3,1,Only Flood Insurance,False,True,False,0.48000000000000004,0.37
Agent_30,1,Only Flood Insurance,False,True,False,0.26,0.44
Agent_31,1,Do Nothing,False,False,False,0.27999999999999997,0.37
Agent_32,1,Do Nothing,False,False,False,0.31,0.39
Agent_33,1,Only Flood Insurance,False,True,False,0.48000000000000004,0.54
Agent_34,1,Only Flood Insurance,False,True,False,0.41000000000000003,0.52
Agent_35,1,Do Nothing,False,False,False,0.25,0.45
Agent_36,1,Only Flood Insurance,False,True,False,0.52,0.35
Agent_37,1,Only Flood Insurance,False,True,False,0.48000000000000004,0.5
Agent_38,1,Only Flood Insurance,False,True,False,0.43,0.39999999999999997
Agent_39,1,Do Nothing,False,False,False,0.42,0.43
Agent_4,1,Only Flood Insurance,False,True,False,0.29000000000000004,0.37
Agent_40,1,Only Flood Insurance,False,True,False,0.29000000000000004,0.51
Agent_41,1,Do Nothing,False,False,False,0.47,0.33999999999999997
Agent_42,1,Do Nothing,False,False,False,0.32999999999999996,0.41
Agent_43,1,Only Flood Insurance,False,True,False,0.36000000000000004,0.43
Agent_44,1,Do Nothing,False,False,False,0.42,0.39
Agent_45,1,Only Flood Insurance,False,True,False,0.45,0.43
Agent_46,1,Do Nothing,False,False,False,0.43,0.43
Agent_47,1,Do Nothing,False,False,False,0.33999999999999997,0.35
Agent_48,1,Do Nothing,False,False,False,0.45999999999999996,0.39
Agent_49,1,Only Flood Insurance,False,True,False,0.49,0.54
Agent_5,1,Only Flood Insurance,False,True,False,0.25,0.33999999999999997
Agent_50,1,Only Flood Insurance,False,True,False,0.46,0.43
Agent_51,1,Only Flood Insurance,False,True,False,0.48000000000000004,0.45999999999999996
Agent_52,1,Do Nothing,False,False,False,0.43,0.36
Agent_53,1,Do Nothing,False,False,False,0.26999999999999996,0.42
Agent_54,1,Do Nothing,False,False,False,0.45999999999999996,0.41
Agent_55,1,Do Nothing,False,False,False,0.38999999999999996,0.45999999999999996
Agent_56,1,Only Flood Insurance,False,True,False,0.49,0.37
Agent_57,1,Do Nothing,False,False,False,0.47,0.39999999999999997
Agent_58,1,Only Flood Insurance,False,True,False,0.45,0.48
Agent_59,1,Do Nothing,False,False,False,0.26,0.37
Agent_6,1,Only Flood Insurance,False,True,False,0.32,0.37
Agent_60,1,Do Nothing,False,False,False,0.24000000000000002,0.39999999999999997
Agent_61,1,Only Flood Insurance,False,True,False,0.30000000000000004,0.33999999999999997
Agent_62,1,Do Nothing,False,False,False,0.37,0.39999999999999997
Agent_63,1,Do Nothing,False,False,False,0.23,0.36
Agent_64,1,Do Nothing,False,False,False,0.32999999999999996,0.41
Agent_65,1,Only Flood Insurance,False,True,False,0.22999999999999998,0.39999999999999997
Agent_66,1,Do Nothing,False,False,False,0.23,0.45
Agent_67,1,Do Nothing,False,False,False,0.23,0.39
Agent_68,1,Do Nothing,False,False,False,0.31,0.42
Agent_69,1,Do Nothing,False,False,False,0.27999999999999997,0.41
Agent_7,1,Do Nothing,False,False,False,0.43,0.36
Agent_70,1,Do Nothing,False,False,False,0.32,0.5
Agent_71,1,Only Flood Insurance,False,True,False,0.42000000000000004,0.48
Agent_72,1,Only Flood Insurance,False,True,False,0.27,0.41
Agent_73,1,Only Flood Insurance,False,True,False,0.5,0.37
Agent_74,1,Only Flood Insurance,False,True,False,0.22,0.43
Agent_75,1,Do Nothing,False,False,False,0.21000000000000002,0.43
Agent_76,1,Do Nothing,False,False,False,0.23,0.47
Agent_77,1,Only Flood Insurance,False,True,False,0.45,0.41
Agent_78,1,Only Flood Insurance,False,True,False,0.45,0.33999999999999997
Agent_79,1,Only Flood Insurance,False,True,False,0.47000000000000003,0.45999999999999996
Agent_8,1,Do Nothing,False,False,False,0.2,0.37
Agent_80,1,Do Nothing,False,False,False,0.37,0.43
Agent_81,1,Only Flood Insurance,False,True,False,0.41000000000000003,0.35
Agent_82,1,Do Nothing,False,False,False,0.2,0.36
Agent_83,1,Only Flood Insurance,False,True,False,0.34,0.38
Agent_84,1,Do Nothing,False,False,False,0.44999999999999996,0.41
Agent_85,1,Do Nothing,False,False,False,0.41,0.42
Agent_86,1,Do Nothing,False,False,False,0.29,0.48
Agent_87,1,Do Nothing,False,False,False,0.45999999999999996,0.51
Agent_88,1,Only Flood Insurance,False,True,False,0.51,0.41
Agent_89,1,Only Flood Insurance,False,True,False,0.25,0.48
Agent_9,1,Do Nothing,False,False,False,0.26999999999999996,0.37
Agent_90,1,Do Nothing,False,False,False,0.32999999999999996,0.33999999999999997
Agent_91,1,Do Nothing,False,False,False,0.24000000000000002,0.41
Agent_92,1,Only Flood Insurance,False,True,False,0.27,0.41
Agent_93,1,Only Flood Insurance,False,True,False,0.25,0.45999999999999996
Agent_94,1,Only Flood Insurance,False,True,False,0.32,0.5
Agent_95,1,Do Nothing,False,False,False,0.24000000000000002,0.47
Agent_96,1,Do Nothing,False,False,False,0.38,0.49
Agent_97,1,Only Flood Insurance,False,True,False,0.46,0.47
Agent_98,1,Only Flood Insurance,False,True,False,0.5,0.45
Agent_99,1,Only Flood Insurance,False,True,False,0.39,0.45
Agent_1,2,Only Flood Insurance,False,True,False,0.28,0.36
Agent_10,2,Only Flood Insurance,False,True,False,0.24,0.44999999999999996
Agent_100,2,Only Flood Insurance,False,True,False,0.26,0.45999999999999996
Agent_11,2,Only Flood Insurance,False,True,False,0.24,0.51
Agent_12,2,Do Nothing,False,False,False,0.24999999999999997,0.33999999999999997
Agent_13,2,Do Nothing,False,False,False,0.19000000000000003,0.42
Agent_14,2,Only House Elevation,True,False,False,0.24999999999999997,0.48
Agent_15,2,Do Nothing,False,False,False,0.41,0.47
Agent_16,2,Only Flood Insurance,False,True,False,0.37000000000000005,0.44
Agent_17,2,Only Flood Insurance,False,True,False,0.29,0.5
Agent_18,2,Only Flood Insurance,False,True,False,0.27,0.39999999999999997
Agent_19,2,Do Nothing,False,False,False,0.42999999999999994,0.33999999999999997
Agent_2,2,Only Flood Insurance,False,True,False,0.24,0.44999999999999996
Agent_20,2,Do Nothing,False,False,False,0.37,0.37
Agent_21,2,Only Flood Insurance,False,True,False,0.48000000000000004,0.36
Agent_22,2,Only Flood Insurance,False,True,False,0.53,0.45999999999999996
Agent_23,2,Only Flood Insurance,False,True,False,0.26,0.52
Agent_24,2,Only House Elevation,True,False,False,0.43999999999999995,0.48
Agent_25,2,Only Flood Insurance,False,True,False,0.27,0.44999999999999996
Agent_26,2,Only Flood Insurance,False,True,False,0.32000000000000006,0.32999999999999996
Agent_27,2,Only Flood Insurance,False,True,False,0.34,0.36
Agent_28,2,Do Nothing,False,False,False,0.29,0.51
Agent_29,2,Only Flood Insurance,False,True,False,0.31000000000000005,0.39999999999999997
Agent_3,2,Only Flood Insurance,False,True,False,0.5,0.36
Agent_30,2,Only Flood Insurance,False,True,False,0.28,0.43
Agent_31,2,Do Nothing,False,False,False,0.25999999999999995,0.36
Agent_32,2,Only Flood Insurance,False,True,False,0.33,0.38
Agent_33,2,Only Flood Insurance,False,True,False,0.5,0.53
Agent_34,2,Only Flood Insurance,False,True,False,0.43000000000000005,0.51
Agent_35,2,Do Nothing,False,False,False,0.23,0.44
Agent_36,2,Only Flood Insurance,False,True,False,0.54,0.33999999999999997
Agent_37,2,Only Flood Insurance,False,True,False,0.5,0.49
Agent_38,2,Only Flood Insurance,False,True,False,0.45,0.38999999999999996
Agent_39,2,Only Flood Insurance,False,True,False,0.44,0.42
Agent_4,2,Only Flood Insurance,False,True,False,0.31000000000000005,0.36
Agent_40,2,Only Flood Insurance,False,True,False,0.31000000000000005,0.5
Agent_41,2,Only Flood Insurance,False,True,False,0.49,0.32999999999999996
Agent_42,2,Only Flood Insurance,False,True,False,0.35,0.39999999999999997
Agent_43,2,Only Flood Insurance,False,True,False,0.38000000000000006,0.42
Agent_44,2,Do Nothing,False,False,False,0.39999999999999997,0.38
Agent_45,2,Only Flood Insurance,False,True,False,0.47000000000000003,0.42
Agent_46,2,Do Nothing,False,False,False,0.41,0.42
Agent_47,2,Only Flood Insurance,False,True,False,0.36,0.33999999999999997
Agent_48,2,Do Nothing,False,False,False,0.43999999999999995,0.38
Agent_49,2,Only House Elevation,True,False,False,0.47,0.53
Agent_5,2,Only Flood Insurance,False,True,False,0.27,0.32999999999999996
Agent_50,2,Only Flood Insurance,False,True,False,0.48000000000000004,0.42
Agent_51,2,Only Flood Insurance,False,True,False,0.5,0.44999999999999996
Agent_52,2,Do Nothing,False,False,False,0.41,0.35
Agent_53,2,Do Nothing,False,False,False,0.24999999999999997,0.41
Agent_54,2,Do Nothing,False,False,False,0.43999999999999995,0.39999999999999997
Agent_55,2,Do Nothing,False,False,False,0.36999999999999994,0.44999999999999996
Agent_56,2,Only Flood Insurance,False,True,False,0.51,0.36
Agent_57,2,Do Nothing,False,False,False,0.44999999999999996,0.38999999999999996
Agent_58,2,Only Flood Insurance,False,True,False,0.47000000000000003,0.47
Agent_59,2,Only Flood Insurance,False,True,False,0.28,0.36
Agent_6,2,Only Flood Insurance,False,True,False,0.34,0.36
Agent_60,2,Only Flood Insurance,False,True,False,0.26,0.38999999999999996
Agent_61,2,Only Flood Insurance,False,True,False,0.32000000000000006,0.32999999999999996
Agent_62,2,Do Nothing,False,False,False,0.35,0.38999999999999996
Agent_63,2,Do Nothing,False,False,False,0.21000000000000002,0.35
Agent_64,2,Only Flood Insurance,False,True,False,0.35,0.39999999999999997
Agent_65,2,Only Flood Insurance,False,True,False,0.24999999999999997,0.38999999999999996
Agent_66,2,Do Nothing,False,False,False,0.21000000000000002,0.44
Agent_67,2,Do Nothing,False,False,False,0.21000000000000002,0.38
Agent_68,2,Do Nothing,False,False,False,0.29,0.41
Agent_69,2,Do Nothing,False,False,False,0.25999999999999995,0.39999999999999997
Agent_7,2,Do Nothing,False,False,False,0.41,0.35
Agent_70,2,Only Flood Insurance,False,True,False,0.34,0.49
Agent_71,2,Only Flood Insurance,False,True,False,0.44000000000000006,0.47
Agent_72,2,Only Flood Insurance,False,True,False,0.29000000000000004,0.39999999999999997
Agent_73,2,Only Flood Insurance,False,True,False,0.52,0.36
Agent_74,2,Only Flood Insurance,False,True,False,0.24,0.42
Agent_75,2,Do Nothing,False,False,False,0.19000000000000003,0.42
Agent_76,2,Do Nothing,False,False,False,0.21000000000000002,0.45999999999999996
Agent_77,2,Only Flood Insurance,False,True,False,0.47000000000000003,0.39999999999999997
Agent_78,2,Only Flood Insurance,False,True,False,0.47000000000000003,0.32999999999999996
Agent_79,2,Only Flood Insurance,False,True,False,0.49000000000000005,0.44999999999999996
Agent_8,2,Do Nothing,False,False,False,0.18000000000000002,0.36
Agent_80,2,Do Nothing,False,False,False,0.35,0.42
Agent_81,2,Only Flood Insurance,False,True,False,0.43000000000000005,0.33999999999999997
Agent_82,2,Only Flood Insurance,False,True,False,0.22,0.35
Agent_83,2,Only Flood Insurance,False,True,False,0.36000000000000004,0.37
Agent_84,2,Do Nothing,False,False,False,0.42999999999999994,0.39999999999999997
Agent_85,2,Do Nothing,False,False,False,0.38999999999999996,0.41
Agent_86,2,Only Flood Insurance,False,True,False,0.31,0.47
Agent_87,2,Do Nothing,False,False,False,0.43999999999999995,0.5
Agent_88,2,Only Flood Insurance,False,True,False,0.53,0.39999999999999997
Agent_89,2,Only Flood Insurance,False,True,False,0.27,0.47
Agent_9,2,Do Nothing,False,False,False,0.24999999999999997,0.36
Agent_90,2,Only Flood Insurance,False,True,False,0.35,0.32999999999999996
Agent_91,2,Do Nothing,False,False,False,0.22000000000000003,0.39999999999999997
Agent_92,2,Only Flood Insurance,False,True,False,0.29000000000000004,0.39999999999999997
Agent_93,2,Only Flood Insurance,False,True,False,0.27,0.44999999999999996
Agent_94,2,Only Flood Insurance,False,True,False,0.34,0.49
Agent_95,2,Do Nothing,False,False,False,0.22000000000000003,0.45999999999999996
Agent_96,2,Do Nothing,False,False,False,0.36,0.48
Agent_97,2,Only Flood Insurance,False,True,False,0.48000000000000004,0.45999999999999996
Agent_98,2,Only Flood Insurance,False,True,False,0.52,0.44
Agent_99,2,Only Flood Insurance,False,True,False,0.41000000000000003,0.44
Agent_1,3,Only Flood Insurance,False,True,False,0.30000000000000004,0.35
Agent_10,3,Only Flood Insurance,False,True,False,0.26,0.43999999999999995
Agent_100,3,Only Flood Insurance,False,True,False,0.16,0.41
Agent_11,3,Only Flood Insurance,False,True,False,0.13999999999999999,0.46
Agent_12,3,Only Flood Insurance,False,True,False,0.26999999999999996,0.32999999999999996
Agent_13,3,Only Flood Insurance,False,True,False,0.09000000000000002,0.37
Agent_14,3,Both Flood Insurance and House Elevation,True,True,False,0.26999999999999996,0.47
Agent_15,3,Do Nothing,False,False,False,0.45999999999999996,0.42
Agent_16,3,Only Flood Insurance,False,True,False,0.27,0.39
Agent_17,3,Only Flood Insurance,False,True,False,0.18999999999999997,0.45
Agent_18,3,Only Flood Insurance,False,True,False,0.29000000000000004,0.38999999999999996
Agent_19,3,Only Flood Insurance,False,True,False,0.32999999999999996,0.29
Agent_2,3,Only Flood Insurance,False,True,False,0.26,0.43999999999999995
Agent_20,3,Do Nothing,False,False,False,0.42,0.32
Agent_21,3,Only Flood Insurance,False,True,False,0.5,0.35
Agent_22,3,Only Flood Insurance,False,True,False,0.43000000000000005,0.41
Agent_23,3,Only Flood Insurance,False,True,False,0.16,0.47000000000000003
Agent_24,3,Both Flood Insurance and House Elevation,True,True,False,0.45999999999999996,0.47
Agent_25,3,Only Flood Insurance,False,True,False,0.29000000000000004,0.43999999999999995
Agent_26,3,Only Flood Insurance,False,True,False,0.22000000000000006,0.27999999999999997
Agent_27,3,Only Flood Insurance,False,True,False,0.24000000000000002,0.31
Agent_28,3,Only Flood Insurance,False,True,False,0.18999999999999997,0.46
Agent_29,3,Only Flood Insurance,False,True,False,0.33000000000000007,0.38999999999999996
Agent_3,3,Only Flood Insurance,False,True,False,0.4,0.31
Agent_30,3,Only Flood Insurance,False,True,False,0.18000000000000002,0.38
Agent_31,3,Do Nothing,False,False,False,0.30999999999999994,0.31
Agent_32,3,Only Flood Insurance,False,True,False,0.23,0.33
Agent_33,3,Only House Elevation,True,False,False,0.55,0.48000000000000004
Agent_34,3,Only House Elevation,True,False,False,0.41000000000000003,0.5
Agent_35,3,Only Flood Insurance,False,True,False,0.13,0.39
Agent_36,3,Only Flood Insurance,False,True,False,0.44000000000000006,0.29
Agent_37,3,Only Flood Insurance,False,True,False,0.4,0.44
Agent_38,3,Only Flood Insurance,False,True,False,0.35,0.33999999999999997
Agent_39,3,Only Flood Insurance,False,True,False,0.33999999999999997,0.37
Agent_4,3,Only Flood Insurance,False,True,False,0.21000000000000005,0.31
Agent_40,3,Only Flood Insurance,False,True,False,0.21000000000000005,0.45
Agent_41,3,Only Flood Insurance,False,True,False,0.39,0.27999999999999997
Agent_42,3,Do Nothing,False,False,False,0.39999999999999997,0.35
Agent_43,3,Only Flood Insurance,False,True,False,0.4000000000000001,0.41
Agent_44,3,Only Flood Insurance,False,True,False,0.29999999999999993,0.33
Agent_45,3,Only Flood Insurance,False,True,False,0.37,0.37
Agent_46,3,Do Nothing,False,False,False,0.38999999999999996,0.41
Agent_47,3,Only Flood Insurance,False,True,False,0.38,0.32999999999999996
Agent_48,3,Do Nothing,False,False,False,0.48999999999999994,0.33
Agent_49,3,Both Flood Insurance and House Elevation,True,True,False,0.37,0.48000000000000004
Agent_5,3,Only Flood Insurance,False,True,False,0.17,0.27999999999999997
Agent_50,3,Only Flood Insurance,False,True,False,0.38,0.37
Agent_51,3,Only Flood Insurance,False,True,False,0.4,0.39999999999999997
Agent_52,3,Do Nothing,False,False,False,0.45999999999999996,0.3
Agent_53,3,Only Flood Insurance,False,True,False,0.14999999999999997,0.36
Agent_54,3,Only Flood Insurance,False,True,False,0.45999999999999996,0.38999999999999996
Agent_55,3,Only Flood Insurance,False,True,False,0.2699999999999999,0.39999999999999997
Agent_56,3,Only Flood Insurance,False,True,False,0.53,0.35
Agent_57,3,Do Nothing,False,False,False,0.42999999999999994,0.37999999999999995
Agent_58,3,Only Flood Insurance,False,True,False,0.37,0.42
Agent_59,3,Only Flood Insurance,False,True,False,0.18000000000000002,0.31
Agent_6,3,Only Flood Insurance,False,True,False,0.24000000000000002,0.31
Agent_60,3,Do Nothing,False,False,False,0.24000000000000002,0.37999999999999995
Agent_61,3,Only Flood Insurance,False,True,False,0.22000000000000006,0.27999999999999997
Agent_62,3,Only Flood Insurance,False,True,False,0.24999999999999997,0.33999999999999997
Agent_63,3,Only Flood Insurance,False,True,False,0.23,0.33999999999999997
Agent_64,3,Only Flood Insurance,False,True,False,0.37,0.38999999999999996
Agent_65,3,Only Flood Insurance,False,True,False,0.14999999999999997,0.33999999999999997
Agent_66,3,Only Flood Insurance,False,True,False,0.23,0.43
Agent_67,3,Only Flood Insurance,False,True,False,0.11000000000000001,0.33
Agent_68,3,Only Flood Insurance,False,True,False,0.18999999999999997,0.36
Agent_69,3,Only Flood Insurance,False,True,False,0.15999999999999995,0.35
Agent_7,3,Only Flood Insurance,False,True,False,0.30999999999999994,0.3
Agent_70,3,Only Flood Insurance,False,True,False,0.24000000000000002,0.44
Agent_71,3,Only Flood Insurance,False,True,False,0.4600000000000001,0.45999999999999996
Agent_72,3,Only Flood Insurance,False,True,False,0.19000000000000003,0.35
Agent_73,3,Only Flood Insurance,False,True,False,0.42000000000000004,0.31
Agent_74,3,Only Flood Insurance,False,True,False,0.26,0.41
Agent_75,3,Only Flood Insurance,False,True,False,0.09000000000000002,0.37
Agent_76,3,Only Flood Insurance,False,True,False,0.23,0.44999999999999996
Agent_77,3,Only Flood Insurance,False,True,False,0.37,0.35
Agent_78,3,Only Flood Insurance,False,True,False,0.37,0.27999999999999997
Agent_79,3,Only Flood Insurance,False,True,False,0.39,0.39999999999999997
Agent_8,3,Only Flood Insurance,False,True,False,0.08000000000000002,0.31
Agent_80,3,Do Nothing,False,False,False,0.39999999999999997,0.37
Agent_81,3,Only Flood Insurance,False,True,False,0.33000000000000007,0.29
Agent_82,3,Do Nothing,False,False,False,0.27,0.3
Agent_83,3,Only Flood Insurance,False,True,False,0.26,0.32
Agent_84,3,Only Flood Insurance,False,True,False,0.32999999999999996,0.35
Agent_85,3,Only Flood Insurance,False,True,False,0.41,0.39999999999999997
Agent_86,3,Only Flood Insurance,False,True,False,0.21,0.42
Agent_87,3,Only Flood Insurance,False,True,False,0.45999999999999996,0.49
Agent_88,3,Only Flood Insurance,False,True,False,0.55,0.38999999999999996
Agent_89,3,Only Flood Insurance,False,True,False,0.29000000000000004,0.45999999999999996
Agent_9,3,Only Flood Insurance,False,True,False,0.14999999999999997,0.31
Agent_90,3,Do Nothing,False,False,False,0.32999999999999996,0.31999999999999995
Agent_91,3,Do Nothing,False,False,False,0.27,0.35
Agent_92,3,Only Flood Insurance,False,True,False,0.19000000000000003,0.35
Agent_93,3,Only Flood Insurance,False,True,False,0.29000000000000004,0.43999999999999995
Agent_94,3,Only Flood Insurance,False,True,False,0.24000000000000002,0.44
Agent_95,3,Do Nothing,False,False,False,0.27,0.41
Agent_96,3,Only Flood Insurance,False,True,False,0.26,0.43
Agent_97,3,Only Flood Insurance,False,True,False,0.38,0.41
Agent_98,3,Only Flood Insurance,False,True,False,0.42000000000000004,0.39
Agent_99,3,Only Flood Insurance,False,True,False,0.43000000000000005,0.43
Agent_1,4,Only Flood Insurance,False,True,False,0.32000000000000006,0.33999999999999997
Agent_10,4,Only House Elevation,True,False,False,0.31,0.38999999999999996
Agent_100,4,Only Flood Insurance,False,True,False,0.06,0.36
Agent_11,4,Only Flood Insurance,False,True,False,0.15999999999999998,0.45
Agent_12,4,Do Nothing,False,False,False,0.24999999999999997,0.31999999999999995
Agent_13,4,Do Nothing,False,False,False,0.14,0.32
Agent_14,4,Only House Elevation,True,False,False,0.24999999999999997,0.45999999999999996
Agent_15,4,Do Nothing,False,False,False,0.51,0.37
Agent_16,4,Only Flood Insurance,False,True,False,0.29000000000000004,0.38
Agent_17,4,Only Flood Insurance,False,True,False,0.08999999999999997,0.4
Agent_18,4,Only Flood Insurance,False,True,False,0.31000000000000005,0.37999999999999995
Agent_19,4,Do Nothing,False,False,False,0.37999999999999995,0.24
Agent_2,4,Only Flood Insurance,False,True,False,0.16,0.38999999999999996
Agent_20,4,Do Nothing,False,False,False,0.47,0.27
Agent_21,4,Only Flood Insurance,False,True,False,0.4,0.3
Agent_22,4,Only Flood Insurance,False,True,False,0.33000000000000007,0.36
Agent_23,4,Only Flood Insurance,False,True,False,0.06,0.42000000000000004
Agent_24,4,Both Flood Insurance and House Elevation,True,True,False,0.48,0.45999999999999996
Agent_25,4,Only Flood Insurance,False,True,False,0.19000000000000003,0.38999999999999996
Agent_26,4,Only Flood Insurance,False,True,False,0.24000000000000005,0.26999999999999996
Agent_27,4,Do Nothing,False,False,False,0.29000000000000004,0.26
Agent_28,4,Only Flood Insurance,False,True,False,0.08999999999999997,0.41000000000000003
Agent_29,4,Only Flood Insurance,False,True,False,0.3500000000000001,0.37999999999999995
Agent_3,4,Only Flood Insurance,False,True,False,0.42000000000000004,0.3
Agent_30,4,Only Flood Insurance,False,True,False,0.08000000000000002,0.33
Agent_31,4,Only Flood Insurance,False,True,False,0.20999999999999994,0.26
Agent_32,4,Only Flood Insurance,False,True,False,0.13,0.28
Agent_33,4,Both Flood Insurance and House Elevation,True,True,False,0.45000000000000007,0.43000000000000005
Agent_34,4,Both Flood Insurance and House Elevation,True,True,False,0.43000000000000005,0.49
Agent_35,4,Do Nothing,False,False,False,0.11,0.38
Agent_36,4,Only Flood Insurance,False,True,False,0.3400000000000001,0.24
Agent_37,4,Only Flood Insurance,False,True,False,0.42000000000000004,0.43
Agent_38,4,Only Flood Insurance,False,True,False,0.24999999999999997,0.29
Agent_39,4,Do Nothing,False,False,False,0.31999999999999995,0.36
Agent_4,4,Only Flood Insurance,False,True,False,0.11000000000000004,0.26
Agent_40,4,Only Flood Insurance,False,True,False,0.11000000000000004,0.4
Agent_41,4,Do Nothing,False,False,False,0.37,0.26999999999999996
Agent_42,4,Do Nothing,False,False,False,0.44999999999999996,0.3
Agent_43,4,Only Flood Insurance,False,True,False,0.30000000000000004,0.36
Agent_44,4,Do Nothing,False,False,False,0.2799999999999999,0.32
Agent_45,4,Only Flood Insurance,False,True,False,0.39,0.36
Agent_46,4,Only Flood Insurance,False,True,False,0.2899999999999999,0.36
Agent_47,4,Do Nothing,False,False,False,0.43,0.27999999999999997
Agent_48,4,Do Nothing,False,False,False,0.4699999999999999,0.32
Agent_49,4,Both Flood Insurance and House Elevation,True,True,False,0.39,0.47000000000000003
Agent_5,4,Only Flood Insurance,False,True,False,0.07,0.22999999999999998
Agent_50,4,Only Flood Insurance,False,True,False,0.28,0.32
Agent_51,4,Only Flood Insurance,False,True,False,0.30000000000000004,0.35
Agent_52,4,Only Flood Insurance,False,True,False,0.36,0.25
Agent_53,4,Only Flood Insurance,False,True,False,0.04999999999999996,0.31
Agent_54,4,Only Flood Insurance,False,True,False,0.36,0.33999999999999997
Agent_55,4,Do Nothing,False,False,False,0.3199999999999999,0.35
Agent_56,4,Only Flood Insurance,False,True,False,0.43000000000000005,0.3
Agent_57,4,Do Nothing,False,False,False,0.4799999999999999,0.32999999999999996
Agent_58,4,Only Flood Insurance,False,True,False,0.27,0.37
Agent_59,4,Do Nothing,False,False,False,0.23000000000000004,0.26
Agent_6,4,Only Flood Insurance,False,True,False,0.14,0.26
Agent_60,4,Do Nothing,False,False,False,0.22000000000000003,0.36999999999999994
Agent_61,4,Only Flood Insurance,False,True,False,0.12000000000000005,0.22999999999999998
Agent_62,4,Only Flood Insurance,False,True,False,0.14999999999999997,0.29
Agent_63,4,Do Nothing,False,False,False,0.21000000000000002,0.32999999999999996
Agent_64,4,Only Flood Insurance,False,True,False,0.27,0.33999999999999997
Agent_65,4,Only Flood Insurance,False,True,False,0.16999999999999996,0.32999999999999996
Agent_66,4,Do Nothing,False,False,False,0.28,0.38
Agent_67,4,Only Flood Insurance,False,True,False,0.010000000000000009,0.28
Agent_68,4,Do Nothing,False,False,False,0.16999999999999998,0.35
Agent_69,4,Only Flood Insurance,False,True,False,0.05999999999999994,0.3
Agent_7,4,Only Flood Insurance,False,True,False,0.20999999999999994,0.25
Agent_70,4,Only Flood Insurance,False,True,False,0.14,0.39
Agent_71,4,Only Flood Insurance,False,True,False,0.3600000000000001,0.41
Agent_72,4,Only Flood Insurance,False,True,False,0.21000000000000002,0.33999999999999997
Agent_73,4,Only Flood Insurance,False,True,False,0.32000000000000006,0.26
Agent_74,4,Only Flood Insurance,False,True,False,0.16,0.36
Agent_75,4,Only Flood Insurance,False,True,False,0.0,0.32
Agent_76,4,Do Nothing,False,False,False,0.28,0.39999999999999997
Agent_77,4,Only Flood Insurance,False,True,False,0.27,0.3
Agent_78,4,Only Flood Insurance,False,True,False,0.27,0.22999999999999998
Agent_79,4,Only Flood Insurance,False,True,False,0.29000000000000004,0.35
Agent_8,4,Do Nothing,False,False,False,0.13,0.26
Agent_80,4,Only Flood Insurance,False,True,False,0.29999999999999993,0.32
Agent_81,4,Only Flood Insurance,False,True,False,0.23000000000000007,0.24
Agent_82,4,Only Flood Insurance,False,True,False,0.29000000000000004,0.29
Agent_83,4,Only Flood Insurance,False,True,False,0.16,0.27
Agent_84,4,Do Nothing,False,False,False,0.37999999999999995,0.3
Agent_85,4,Do Nothing,False,False,False,0.45999999999999996,0.35
Agent_86,4,Only Flood Insurance,False,True,False,0.22999999999999998,0.41
Agent_87,4,Only Flood Insurance,False,True,False,0.36,0.44
Agent_88,4,Only Flood Insurance,False,True,False,0.5700000000000001,0.37999999999999995
Agent_89,4,Only Flood Insurance,False,True,False,0.19000000000000003,0.41
Agent_9,4,Do Nothing,False,False,False,0.12999999999999998,0.3
Agent_90,4,Only Flood Insurance,False,True,False,0.22999999999999995,0.26999999999999996
Agent_91,4,Only Flood Insurance,False,True,False,0.17,0.3
Agent_92,4,Only Flood Insurance,False,True,False,0.09000000000000002,0.3
Agent_93,4,Only Flood Insurance,False,True,False,0.31000000000000005,0.42999999999999994
Agent_94,4,Only Flood Insurance,False,True,False,0.14,0.39
Agent_95,4,Do Nothing,False,False,False,0.25,0.39999999999999997
Agent_96,4,Only Flood Insurance,False,True,False,0.16,0.38
Agent_97,4,Only Flood Insurance,False,True,False,0.28,0.36
Agent_98,4,Only Flood Insurance,False,True,False,0.44000000000000006,0.38
Agent_99,4,Only Flood Insurance,False,True,False,0.45000000000000007,0.42
Agent_1,5,Only Flood Insurance,False,True,False,0.3400000000000001,0.32999999999999996
Agent_10,5,Both Flood Insurance and House Elevation,True,True,False,0.33,0.37999999999999995
Agent_100,5,Only Flood Insurance,False,True,False,0.08,0.35
Agent_11,5,Only Flood Insurance,False,True,False,0.17999999999999997,0.44
Agent_12,5,Do Nothing,False,False,False,0.22999999999999998,0.30999999999999994
Agent_13,5,Do Nothing,False,False,False,0.12000000000000001,0.31
Agent_14,5,Both Flood Insurance and House Elevation,True,True,False,0.26999999999999996,0.44999999999999996
Agent_15,5,Do Nothing,False,False,False,0.49,0.36
Agent_16,5,Only Flood Insurance,False,True,False,0.31000000000000005,0.37
Agent_17,5,Only Flood Insurance,False,True,False,0.10999999999999997,0.39
Agent_18,5,Only Flood Insurance,False,True,False,0.33000000000000007,0.36999999999999994
Agent_19,5,Do Nothing,False,False,False,0.35999999999999993,0.22999999999999998
Agent_2,5,Only Flood Insurance,False,True,False,0.18,0.37999999999999995
Agent_20,5,Do Nothing,False,False,False,0.44999999999999996,0.26
Agent_21,5,Only Flood Insurance,False,True,False,0.42000000000000004,0.29
Agent_22,5,Only Flood Insurance,False,True,False,0.3500000000000001,0.35
Agent_23,5,Only Flood Insurance,False,True,False,0.08,0.41000000000000003
Agent_24,5,Both Flood Insurance and House Elevation,True,True,False,0.5,0.44999999999999996
Agent_25,5,Only Flood Insurance,False,True,False,0.21000000000000002,0.37999999999999995
Agent_26,5,Only Flood Insurance,False,True,False,0.26000000000000006,0.25999999999999995
Agent_27,5,Do Nothing,False,False,False,0.27,0.25
Agent_28,5,Only Flood Insurance,False,True,False,0.10999999999999997,0.4
Agent_29,5,Only Flood Insurance,False,True,False,0.3700000000000001,0.36999999999999994
Agent_3,5,Only Flood Insurance,False,True,False,0.44000000000000006,0.29
Agent_30,5,Only Flood Insurance,False,True,False,0.10000000000000002,0.32
Agent_31,5,Do Nothing,False,False,False,0.18999999999999995,0.25
Agent_32,5,Do Nothing,False,False,False,0.11,0.27
Agent_33,5,Both Flood Insurance and House Elevation,True,True,False,0.4700000000000001,0.42000000000000004
Agent_34,5,Both Flood Insurance and House Elevation,True,True,False,0.45000000000000007,0.48
Agent_35,5,Do Nothing,False,False,False,0.09,0.37
Agent_36,5,Do Nothing,False,False,False,0.32000000000000006,0.22999999999999998
Agent_37,5,Only Flood Insurance,False,True,False,0.44000000000000006,0.42
Agent_38,5,Only Flood Insurance,False,True,False,0.26999999999999996,0.27999999999999997
Agent_39,5,Do Nothing,False,False,False,0.29999999999999993,0.35
Agent_4,5,Only Flood Insurance,False,True,False,0.13000000000000003,0.25
Agent_40,5,Only Flood Insurance,False,True,False,0.13000000000000003,0.39
Agent_41,5,Do Nothing,False,False,False,0.35,0.25999999999999995
Agent_42,5,Do Nothing,False,False,False,0.42999999999999994,0.29
Agent_43,5,Only Flood Insurance,False,True,False,0.32000000000000006,0.35
Agent_44,5,Do Nothing,False,False,False,0.2599999999999999,0.31
Agent_45,5,Only Flood Insurance,False,True,False,0.41000000000000003,0.35
Agent_46,5,Do Nothing,False,False,False,0.2699999999999999,0.35
Agent_47,5,Do Nothing,False,False,False,0.41,0.26999999999999996
Agent_48,5,Do Nothing,False,False,False,0.4499999999999999,0.31
Agent_49,5,Both Flood Insurance and House Elevation,True,True,False,0.41000000000000003,0.46
Agent_5,5,Only Flood Insurance,False,True,False,0.09000000000000001,0.21999999999999997
Agent_50,5,Only Flood Insurance,False,True,False,0.30000000000000004,0.31
Agent_51,5,Do Nothing,False,False,False,0.28,0.33999999999999997
Agent_52,5,Only Flood Insurance,False,True,False,0.38,0.24
Agent_53,5,Do Nothing,False,False,False,0.02999999999999996,0.3
Agent_54,5,Do Nothing,False,False,False,0.33999999999999997,0.32999999999999996
Agent_55,5,Do Nothing,False,False,False,0.2999999999999999,0.33999999999999997
Agent_56,5,Only Flood Insurance,False,True,False,0.45000000000000007,0.29
Agent_57,5,Only Flood Insurance,False,True,False,0.49999999999999994,0.31999999999999995
Agent_58,5,Only Flood Insurance,False,True,False,0.29000000000000004,0.36
Agent_59,5,Do Nothing,False,False,False,0.21000000000000005,0.25
Agent_6,5,Only Flood Insurance,False,True,False,0.16,0.25
Agent_60,5,Do Nothing,False,False,False,0.20000000000000004,0.35999999999999993
Agent_61,5,Only Flood Insurance,False,True,False,0.14000000000000004,0.21999999999999997
Agent_62,5,Do Nothing,False,False,False,0.12999999999999998,0.27999999999999997
Agent_63,5,Do Nothing,False,False,False,0.19000000000000003,0.31999999999999995
Agent_64,5,Only Flood Insurance,False,True,False,0.29000000000000004,0.32999999999999996
Agent_65,5,Only Flood Insurance,False,True,False,0.18999999999999995,0.31999999999999995
Agent_66,5,Do Nothing,False,False,False,0.26,0.37
Agent_67,5,Do Nothing,False,False,False,0.0,0.27
Agent_68,5,Do Nothing,False,False,False,0.15,0.33999999999999997
Agent_69,5,Only Flood Insurance,False,True,False,0.07999999999999995,0.29
Agent_7,5,Only Flood Insurance,False,True,False,0.22999999999999993,0.24
Agent_70,5,Do Nothing,False,False,False,0.12000000000000001,0.38
Agent_71,5,Only Flood Insurance,False,True,False,0.3800000000000001,0.39999999999999997
Agent_72,5,Only Flood Insurance,False,True,False,0.23,0.32999999999999996
Agent_73,5,Only Flood Insurance,False,True,False,0.3400000000000001,0.25
Agent_74,5,Only Flood Insurance,False,True,False,0.18,0.35
Agent_75,5,Do Nothing,False,False,False,0.0,0.31
Agent_76,5,Do Nothing,False,False,False,0.26,0.38999999999999996
Agent_77,5,Only Flood Insurance,False,True,False,0.29000000000000004,0.29
Agent_78,5,Only Flood Insurance,False,True,False,0.29000000000000004,0.21999999999999997
Agent_79,5,Only Flood Insurance,False,True,False,0.31000000000000005,0.33999999999999997
Agent_8,5,Do Nothing,False,False,False,0.11,0.25
Agent_80,5,Do Nothing,False,False,False,0.2799999999999999,0.31
Agent_81,5,Only Flood Insurance,False,True,False,0.25000000000000006,0.22999999999999998
Agent_82,5,Do Nothing,False,False,False,0.27,0.27999999999999997
Agent_83,5,Only House Elevation,True,False,False,0.14,0.26
Agent_84,5,Do Nothing,False,False,False,0.35999999999999993,0.29
Agent_85,5,Do Nothing,False,False,False,0.43999999999999995,0.33999999999999997
Agent_86,5,Only Flood Insurance,False,True,False,0.24999999999999997,0.39999999999999997
Agent_87,5,Do Nothing,False,False,False,0.33999999999999997,0.43
Agent_88,5,Only Flood Insurance,False,True,False,0.5900000000000001,0.36999999999999994
Agent_89,5,Only Flood Insurance,False,True,False,0.21000000000000002,0.39999999999999997
Agent_9,5,Do Nothing,False,False,False,0.10999999999999997,0.29
Agent_90,5,Only Flood Insurance,False,True,False,0.24999999999999994,0.25999999999999995
Agent_91,5,Do Nothing,False,False,False,0.15000000000000002,0.29
Agent_92,5,Only Flood Insurance,False,True,False,0.11000000000000003,0.29
Agent_93,5,Only Flood Insurance,False,True,False,0.33000000000000007,0.41999999999999993
Agent_94,5,Only Flood Insurance,False,True,False,0.16,0.38
Agent_95,5,Do Nothing,False,False,False,0.23,0.38999999999999996
Agent_96,5,Do Nothing,False,False,False,0.14,0.37
Agent_97,5,Only Flood Insurance,False,True,False,0.30000000000000004,0.35
Agent_98,5,Only Flood Insurance,False,True,False,0.4600000000000001,0.37
Agent_99,5,Only Flood Insurance,False,True,False,0.4700000000000001,0.41
Agent_1,6,Only Flood Insurance,False,True,False,0.3600000000000001,0.31999999999999995
Agent_10,6,Both Flood Insurance and House Elevation,True,True,False,0.35000000000000003,0.36999999999999994
Agent_100,6,Only Flood Insurance,False,True,False,0.1,0.33999999999999997
Agent_11,6,Only Flood Insurance,False,True,False,0.19999999999999996,0.43
Agent_12,6,Do Nothing,False,False,False,0.21,0.29999999999999993
Agent_13,6,Only Flood Insurance,False,True,False,0.14,0.3
Agent_14,6,Both Flood Insurance and House Elevation,True,True,False,0.29,0.43999999999999995
Agent_15,6,Do Nothing,False,False,False,0.47,0.35
Agent_16,6,Only Flood Insurance,False,True,False,0.33000000000000007,0.36
Agent_17,6,Only Flood Insurance,False,True,False,0.12999999999999998,0.38
Agent_18,6,Only Flood Insurance,False,True,False,0.3500000000000001,0.35999999999999993
Agent_19,6,Do Nothing,False,False,False,0.3399999999999999,0.21999999999999997
Agent_2,6,Only Flood Insurance,False,True,False,0.19999999999999998,0.36999999999999994
Agent_20,6,Do Nothing,False,False,False,0.42999999999999994,0.25
Agent_21,6,Only Flood Insurance,False,True,False,0.44000000000000006,0.27999999999999997
Agent_22,6,Only Flood Insurance,False,True,False,0.3700000000000001,0.33999999999999997
Agent_23,6,Do Nothing,False,False,False,0.06,0.4
Agent_24,6,Both Flood Insurance and House Elevation,True,True,False,0.52,0.43999999999999995
Agent_25,6,Only Flood Insurance,False,True,False,0.23,0.36999999999999994
Agent_26,6,Only Flood Insurance,False,True,False,0.2800000000000001,0.24999999999999994
Agent_27,6,Do Nothing,False,False,False,0.25,0.24
Agent_28,6,Do Nothing,False,False,False,0.08999999999999997,0.39
Agent_29,6,Only Flood Insurance,False,True,False,0.3900000000000001,0.35999999999999993
Agent_3,6,Only Flood Insurance,False,True,False,0.4600000000000001,0.27999999999999997
Agent_30,6,Only Flood Insurance,False,True,False,0.12000000000000002,0.31
Agent_31,6,Do Nothing,False,False,False,0.16999999999999996,0.24
Agent_32,6,Do Nothing,False,False,False,0.09,0.26
Agent_33,6,Both Flood Insurance and House Elevation,True,True,False,0.4900000000000001,0.41000000000000003
Agent_34,6,Both Flood Insurance and House Elevation,True,True,False,0.4700000000000001,0.47
Agent_35,6,Do Nothing,False,False,False,0.06999999999999999,0.36
Agent_36,6,Do Nothing,False,False,False,0.30000000000000004,0.21999999999999997
Agent_37,6,Do Nothing,False,False,False,0.42000000000000004,0.41
Agent_38,6,Only Flood Insurance,False,True,False,0.29,0.26999999999999996
Agent_39,6,Do Nothing,False,False,False,0.2799999999999999,0.33999999999999997
Agent_4,6,Only Flood Insurance,False,True,False,0.15000000000000002,0.24
Agent_40,6,Only Flood Insurance,False,True,False,0.15000000000000002,0.38
Agent_41,6,Do Nothing,False,False,False,0.32999999999999996,0.24999999999999994
Agent_42,6,Only Flood Insurance,False,True,False,0.44999999999999996,0.27999999999999997
Agent_43,6,Only Flood Insurance,False,True,False,0.3400000000000001,0.33999999999999997
Agent_44,6,Do Nothing,False,False,False,0.2399999999999999,0.3
Agent_45,6,Only Flood Insurance,False,True,False,0.43000000000000005,0.33999999999999997
Agent_46,6,Do Nothing,False,False,False,0.24999999999999992,0.33999999999999997
Agent_47,6,Only Flood Insurance,False,True,False,0.43,0.25999999999999995
Agent_48,6,Do Nothing,False,False,False,0.4299999999999999,0.3
Agent_49,6,Both Flood Insurance and House Elevation,True,True,False,0.43000000000000005,0.45
Agent_5,6,Only Flood Insurance,False,True,False,0.11000000000000001,0.20999999999999996
Agent_50,6,Only Flood Insurance,False,True,False,0.32000000000000006,0.3
Agent_51,6,Only Flood Insurance,False,True,False,0.30000000000000004,0.32999999999999996
Agent_52,6,Do Nothing,False,False,False,0.36,0.22999999999999998
Agent_53,6,Do Nothing,False,False,False,0.00999999999999996,0.29
Agent_54,6,Do Nothing,False,False,False,0.31999999999999995,0.31999999999999995
Agent_55,6,Do Nothing,False,False,False,0.27999999999999986,0.32999999999999996
Agent_56,6,Only Flood Insurance,False,True,False,0.4700000000000001,0.27999999999999997
Agent_57,6,Do Nothing,False,False,False,0.4799999999999999,0.30999999999999994
Agent_58,6,Only Flood Insurance,False,True,False,0.31000000000000005,0.35
Agent_59,6,Only Flood Insurance,False,True,False,0.23000000000000004,0.24
Agent_6,6,Only Flood Insurance,False,True,False,0.18,0.24
Agent_60,6,Do Nothing,False,False,False,0.18000000000000005,0.3499999999999999
Agent_61,6,Do Nothing,False,False,False,0.12000000000000004,0.20999999999999996
Agent_62,6,Do Nothing,False,False,False,0.10999999999999997,0.26999999999999996
Agent_63,6,Do Nothing,False,False,False,0.17000000000000004,0.30999999999999994
Agent_64,6,Only Flood Insurance,False,True,False,0.31000000000000005,0.31999999999999995
Agent_65,6,Only Flood Insurance,False,True,False,0.20999999999999994,0.30999999999999994
Agent_66,6,Only Flood Insurance,False,True,False,0.28,0.36
Agent_67,6,Do Nothing,False,False,False,0.0,0.26
Agent_68,6,Do Nothing,False,False,False,0.13,0.32999999999999996
Agent_69,6,Do Nothing,False,False,False,0.05999999999999994,0.27999999999999997
Agent_7,6,Do Nothing,False,False,False,0.20999999999999994,0.22999999999999998
Agent_70,6,Only Flood Insurance,False,True,False,0.14,0.37
Agent_71,6,Only Flood Insurance,False,True,False,0.40000000000000013,0.38999999999999996
Agent_72,6,Only Flood Insurance,False,True,False,0.25,0.31999999999999995
Agent_73,6,Only Flood Insurance,False,True,False,0.3600000000000001,0.24
Agent_74,6,Only Flood Insurance,False,True,False,0.19999999999999998,0.33999999999999997
Agent_75,6,Do Nothing,False,False,False,0.0,0.3
Agent_76,6,Do Nothing,False,False,False,0.24000000000000002,0.37999999999999995
Agent_77,6,Only Flood Insurance,False,True,False,0.31000000000000005,0.27999999999999997
Agent_78,6,Only Flood Insurance,False,True,False,0.31000000000000005,0.20999999999999996
Agent_79,6,Only Flood Insurance,False,True,False,0.33000000000000007,0.32999999999999996
Agent_8,6,Do Nothing,False,False,False,0.09,0.24
Agent_80,6,Do Nothing,False,False,False,0.2599999999999999,0.3
Agent_81,6,Only Flood Insurance,False,True,False,0.2700000000000001,0.21999999999999997
Agent_82,6,Do Nothing,False,False,False,0.25,0.26999999999999996
Agent_83,6,Both Flood Insurance and House Elevation,True,True,False,0.16,0.25
Agent_84,6,Only Flood Insurance,False,True,False,0.37999999999999995,0.27999999999999997
Agent_85,6,Do Nothing,False,False,False,0.41999999999999993,0.32999999999999996
Agent_86,6,Only Flood Insurance,False,True,False,0.26999999999999996,0.38999999999999996
Agent_87,6,Only Flood Insurance,False,True,False,0.36,0.42
Agent_88,6,Only Flood Insurance,False,True,False,0.6100000000000001,0.35999999999999993
Agent_89,6,Only Flood Insurance,False,True,False,0.23,0.38999999999999996
Agent_9,6,Do Nothing,False,False,False,0.08999999999999997,0.27999999999999997
Agent_90,6,Do Nothing,False,False,False,0.22999999999999995,0.24999999999999994
Agent_91,6,Do Nothing,False,False,False,0.13000000000000003,0.27999999999999997
Agent_92,6,Only Flood Insurance,False,True,False,0.13000000000000003,0.27999999999999997
Agent_93,6,Only Flood Insurance,False,True,False,0.3500000000000001,0.4099999999999999
Agent_94,6,Only Flood Insurance,False,True,False,0.18,0.37
Agent_95,6,Do Nothing,False,False,False,0.21000000000000002,0.37999999999999995
Agent_96,6,Do Nothing,False,False,False,0.12000000000000001,0.36
Agent_97,6,Only Flood Insurance,False,True,False,0.32000000000000006,0.33999999999999997
Agent_98,6,Only Flood Insurance,False,True,False,0.4800000000000001,0.36
Agent_99,6,Only Flood Insurance,False,True,False,0.4900000000000001,0.39999999999999997
Agent_1,7,Only Flood Insurance,False,True,False,0.3800000000000001,0.30999999999999994
Agent_10,7,Both Flood Insurance and House Elevation,True,True,False,0.37000000000000005,0.35999999999999993
Agent_100,7,Do Nothing,False,False,False,0.08,0.32999999999999996
Agent_11,7,Do Nothing,False,False,False,0.17999999999999997,0.42
Agent_12,7,Only Flood Insurance,False,True,False,0.22999999999999998,0.2899999999999999
Agent_13,7,Do Nothing,False,False,False,0.12000000000000001,0.29
Agent_14,7,Both Flood Insurance and House Elevation,True,True,False,0.31,0.42999999999999994
Agent_15,7,Do Nothing,False,False,False,0.44999999999999996,0.33999999999999997
Agent_16,7,Only Flood Insurance,False,True,False,0.3500000000000001,0.35
Agent_17,7,Only Flood Insurance,False,True,False,0.14999999999999997,0.37
Agent_18,7,Only Flood Insurance,False,True,False,0.3700000000000001,0.3499999999999999
Agent_19,7,Only Flood Insurance,False,True,False,0.35999999999999993,0.20999999999999996
Agent_2,7,Do Nothing,False,False,False,0.18,0.35999999999999993
Agent_20,7,Only Flood Insurance,False,True,False,0.44999999999999996,0.24
Agent_21,7,Only Flood Insurance,False,True,False,0.4600000000000001,0.26999999999999996
Agent_22,7,Only Flood Insurance,False,True,False,0.3900000000000001,0.32999999999999996
Agent_23,7,Only Flood Insurance,False,True,False,0.08,0.39
Agent_24,7,Only House Elevation,True,False,False,0.5,0.42999999999999994
Agent_25,7,Do Nothing,False,False,False,0.21000000000000002,0.35999999999999993
Agent_26,7,Only Flood Insurance,False,True,False,0.3000000000000001,0.23999999999999994
Agent_27,7,Only Flood Insurance,False,True,False,0.27,0.22999999999999998
Agent_28,7,Do Nothing,False,False,False,0.06999999999999997,0.38
Agent_29,7,Only Flood Insurance,False,True,False,0.41000000000000014,0.3499999999999999
Agent_3,7,Only Flood Insurance,False,True,False,0.4800000000000001,0.26999999999999996
Agent_30,7,Only Flood Insurance,False,True,False,0.14,0.3
Agent_31,7,Do Nothing,False,False,False,0.14999999999999997,0.22999999999999998
Agent_32,7,Do Nothing,False,False,False,0.06999999999999999,0.25
Agent_33,7,Both Flood Insurance and House Elevation,True,True,False,0.5100000000000001,0.4
Agent_34,7,Both Flood Insurance and House Elevation,True,True,False,0.4900000000000001,0.45999999999999996
Agent_35,7,Do Nothing,False,False,False,0.04999999999999999,0.35
Agent_36,7,Only Flood Insurance,False,True,False,0.32000000000000006,0.20999999999999996
Agent_37,7,Only Flood Insurance,False,True,False,0.44000000000000006,0.39999999999999997
Agent_38,7,Only Flood Insurance,False,True,False,0.31,0.25999999999999995
Agent_39,7,Do Nothing,False,False,False,0.2599999999999999,0.32999999999999996
Agent_4,7,Only Flood Insurance,False,True,False,0.17,0.22999999999999998
Agent_40,7,Only Flood Insurance,False,True,False,0.17,0.37
Agent_41,7,Do Nothing,False,False,False,0.30999999999999994,0.23999999999999994
Agent_42,7,Do Nothing,False,False,False,0.42999999999999994,0.26999999999999996
Agent_43,7,Only Flood Insurance,False,True,False,0.3600000000000001,0.32999999999999996
Agent_44,7,Do Nothing,False,False,False,0.21999999999999992,0.29
Agent_45,7,Only Flood Insurance,False,True,False,0.45000000000000007,0.32999999999999996
Agent_46,7,Do Nothing,False,False,False,0.22999999999999993,0.32999999999999996
Agent_47,7,Only Flood Insurance,False,True,False,0.45,0.24999999999999994
Agent_48,7,Do Nothing,False,False,False,0.40999999999999986,0.29
Agent_49,7,Both Flood Insurance and House Elevation,True,True,False,0.45000000000000007,0.44
Agent_5,7,Only Flood Insurance,False,True,False,0.13,0.19999999999999996
Agent_50,7,Only Flood Insurance,False,True,False,0.3400000000000001,0.29
Agent_51,7,Only Flood Insurance,False,True,False,0.32000000000000006,0.31999999999999995
Agent_52,7,Do Nothing,False,False,False,0.33999999999999997,0.21999999999999997
Agent_53,7,Only Flood Insurance,False,True,False,0.02999999999999996,0.27999999999999997
Agent_54,7,Do Nothing,False,False,False,0.29999999999999993,0.30999999999999994
Agent_55,7,Do Nothing,False,False,False,0.25999999999999984,0.31999999999999995
Agent_56,7,Only Flood Insurance,False,True,False,0.4900000000000001,0.26999999999999996
Agent_57,7,Only Flood Insurance,False,True,False,0.49999999999999994,0.29999999999999993
Agent_58,7,Do Nothing,False,False,False,0.29000000000000004,0.33999999999999997
Agent_59,7,Do Nothing,False,False,False,0.21000000000000005,0.22999999999999998
Agent_6,7,Only Flood Insurance,False,True,False,0.19999999999999998,0.22999999999999998
Agent_60,7,Do Nothing,False,False,False,0.16000000000000006,0.3399999999999999
Agent_61,7,Only Flood Insurance,False,True,False,0.14000000000000004,0.19999999999999996
Agent_62,7,Do Nothing,False,False,False,0.08999999999999997,0.25999999999999995
Agent_63,7,Do Nothing,False,False,False,0.15000000000000005,0.29999999999999993
Agent_64,7,Only Flood Insurance,False,True,False,0.33000000000000007,0.30999999999999994
Agent_65,7,Only Flood Insurance,False,True,False,0.22999999999999993,0.29999999999999993
Agent_66,7,Do Nothing,False,False,False,0.26,0.35
Agent_67,7,Do Nothing,False,False,False,0.0,0.25
Agent_68,7,Do Nothing,False,False,False,0.11,0.31999999999999995
Agent_69,7,Do Nothing,False,False,False,0.03999999999999994,0.26999999999999996
Agent_7,7,Do Nothing,False,False,False,0.18999999999999995,0.21999999999999997
Agent_70,7,Do Nothing,False,False,False,0.12000000000000001,0.36
Agent_71,7,Only Flood Insurance,False,True,False,0.42000000000000015,0.37999999999999995
Agent_72,7,Only Flood Insurance,False,True,False,0.27,0.30999999999999994
Agent_73,7,Only Flood Insurance,False,True,False,0.3800000000000001,0.22999999999999998
Agent_74,7,Only Flood Insurance,False,True,False,0.21999999999999997,0.32999999999999996
Agent_75,7,Do Nothing,False,False,False,0.0,0.29
Agent_76,7,Do Nothing,False,False,False,0.22000000000000003,0.36999999999999994
Agent_77,7,Only Flood Insurance,False,True,False,0.33000000000000007,0.26999999999999996
Agent_78,7,Only Flood Insurance,False,True,False,0.33000000000000007,0.19999999999999996
Agent_79,7,Only Flood Insurance,False,True,False,0.3500000000000001,0.31999999999999995
Agent_8,7,Do Nothing,False,False,False,0.06999999999999999,0.22999999999999998
Agent_80,7,Do Nothing,False,False,False,0.2399999999999999,0.29
Agent_81,7,Only Flood Insurance,False,True,False,0.2900000000000001,0.20999999999999996
Agent_82,7,Do Nothing,False,False,False,0.23,0.25999999999999995
Agent_83,7,Both Flood Insurance and House Elevation,True,True,False,0.18,0.24
Agent_84,7,Do Nothing,False,False,False,0.35999999999999993,0.26999999999999996
Agent_85,7,Do Nothing,False,False,False,0.3999999999999999,0.31999999999999995
Agent_86,7,Only Flood Insurance,False,True,False,0.29,0.37999999999999995
Agent_87,7,Do Nothing,False,False,False,0.33999999999999997,0.41
Agent_88,7,Only Flood Insurance,False,True,False,0.6300000000000001,0.3499999999999999
Agent_89,7,Only Flood Insurance,False,True,False,0.25,0.37999999999999995
Agent_9,7,Do Nothing,False,False,False,0.06999999999999997,0.26999999999999996
Agent_90,7,Do Nothing,False,False,False,0.20999999999999996,0.23999999999999994
Agent_91,7,Do Nothing,False,False,False,0.11000000000000003,0.26999999999999996
Agent_92,7,Only Flood Insurance,False,True,False,0.15000000000000002,0.26999999999999996
Agent_93,7,Only House Elevation,True,False,False,0.33000000000000007,0.3999999999999999
Agent_94,7,Only Flood Insurance,False,True,False,0.19999999999999998,0.36
Agent_95,7,Do Nothing,False,False,False,0.19000000000000003,0.36999999999999994
Agent_96,7,Only Flood Insurance,False,True,False,0.14,0.35
Agent_97,7,Do Nothing,False,False,False,0.30000000000000004,0.32999999999999996
Agent_98,7,Only Flood Insurance,False,True,False,0.5000000000000001,0.35
Agent_99,7,Do Nothing,False,False,False,0.4700000000000001,0.38999999999999996
Agent_1,8,Only Flood Insurance,False,True,False,0.40000000000000013,0.29999999999999993
Agent_10,8,Both Flood Insurance and House Elevation,True,True,False,0.39000000000000007,0.3499999999999999
Agent_100,8,Only Flood Insurance,False,True,False,0.1,0.31999999999999995
Agent_11,8,Only Flood Insurance,False,True,False,0.19999999999999996,0.41
Agent_12,8,Do Nothing,False,False,False,0.21,0.2799999999999999
Agent_13,8,Do Nothing,False,False,False,0.1,0.27999999999999997
Agent_14,8,Both Flood Insurance and House Elevation,True,True,False,0.33,0.41999999999999993
Agent_15,8,Do Nothing,False,False,False,0.42999999999999994,0.32999999999999996
Agent_16,8,Only Flood Insurance,False,True,False,0.3700000000000001,0.33999999999999997
Agent_17,8,Only Flood Insurance,False,True,False,0.16999999999999996,0.36
Agent_18,8,Only Flood Insurance,False,True,False,0.3900000000000001,0.3399999999999999
Agent_19,8,Only Flood Insurance,False,True,False,0.37999999999999995,0.19999999999999996
Agent_2,8,Only Flood Insurance,False,True,False,0.19999999999999998,0.3499999999999999
Agent_20,8,Do Nothing,False,False,False,0.42999999999999994,0.22999999999999998
Agent_21,8,Only Flood Insurance,False,True,False,0.4800000000000001,0.25999999999999995
Agent_22,8,Only Flood Insurance,False,True,False,0.41000000000000014,0.31999999999999995
Agent_23,8,Only Flood Insurance,False,True,False,0.1,0.38
Agent_24,8,Both Flood Insurance and House Elevation,True,True,False,0.52,0.41999999999999993
Agent_25,8,Only House Elevation,True,False,False,0.19000000000000003,0.3499999999999999
Agent_26,8,Only Flood Insurance,False,True,False,0.3200000000000001,0.22999999999999993
Agent_27,8,Do Nothing,False,False,False,0.25,0.21999999999999997
Agent_28,8,Only Flood Insurance,False,True,False,0.08999999999999997,0.37
Agent_29,8,Only Flood Insurance,False,True,False,0.43000000000000016,0.3399999999999999
Agent_3,8,Only Flood Insurance,False,True,False,0.5000000000000001,0.25999999999999995
Agent_30,8,Only Flood Insurance,False,True,False,0.16,0.29
Agent_31,8,Do Nothing,False,False,False,0.12999999999999998,0.21999999999999997
Agent_32,8,Do Nothing,False,False,False,0.04999999999999999,0.24
Agent_33,8,Both Flood Insurance and House Elevation,True,True,False,0.5300000000000001,0.39
Agent_34,8,Both Flood Insurance and House Elevation,True,True,False,0.5100000000000001,0.44999999999999996
Agent_35,8,Do Nothing,False,False,False,0.02999999999999999,0.33999999999999997
Agent_36,8,Do Nothing,False,False,False,0.30000000000000004,0.19999999999999996
Agent_37,8,Only Flood Insurance,False,True,False,0.4600000000000001,0.38999999999999996
Agent_38,8,Only Flood Insurance,False,True,False,0.33,0.24999999999999994
Agent_39,8,Do Nothing,False,False,False,0.2399999999999999,0.31999999999999995
Agent_4,8,Only Flood Insurance,False,True,False,0.19,0.21999999999999997
Agent_40,8,Only House Elevation,True,False,False,0.15000000000000002,0.36
Agent_41,8,Do Nothing,False,False,False,0.2899999999999999,0.22999999999999993
Agent_42,8,Do Nothing,False,False,False,0.4099999999999999,0.25999999999999995
Agent_43,8,Only Flood Insurance,False,True,False,0.3800000000000001,0.31999999999999995
Agent_44,8,Only Flood Insurance,False,True,False,0.2399999999999999,0.27999999999999997
Agent_45,8,Only Flood Insurance,False,True,False,0.4700000000000001,0.31999999999999995
Agent_46,8,Only Flood Insurance,False,True,False,0.24999999999999992,0.31999999999999995
Agent_47,8,Do Nothing,False,False,False,0.43,0.23999999999999994
Agent_48,8,Do Nothing,False,False,False,0.38999999999999985,0.27999999999999997
Agent_49,8,Only House Elevation,True,False,False,0.43000000000000005,0.43
Agent_5,8,Only Flood Insurance,False,True,False,0.15,0.18999999999999995
Agent_50,8,Only Flood Insurance,False,True,False,0.3600000000000001,0.27999999999999997
Agent_51,8,Do Nothing,False,False,False,0.30000000000000004,0.30999999999999994
Agent_52,8,Do Nothing,False,False,False,0.31999999999999995,0.20999999999999996
Agent_53,8,Only Flood Insurance,False,True,False,0.04999999999999996,0.26999999999999996
Agent_54,8,Do Nothing,False,False,False,0.2799999999999999,0.29999999999999993
Agent_55,8,Do Nothing,False,False,False,0.23999999999999985,0.30999999999999994
Agent_56,8,Only Flood Insurance,False,True,False,0.5100000000000001,0.25999999999999995
Agent_57,8,Only Flood Insurance,False,True,False,0.5199999999999999,0.2899999999999999
Agent_58,8,Only Flood Insurance,False,True,False,0.31000000000000005,0.32999999999999996
Agent_59,8,Do Nothing,False,False,False,0.19000000000000006,0.21999999999999997
Agent_6,8,Only Flood Insurance,False,True,False,0.21999999999999997,0.21999999999999997
Agent_60,8,Do Nothing,False,False,False,0.14000000000000007,0.3299999999999999
Agent_61,8,Only Flood Insurance,False,True,False,0.16000000000000003,0.18999999999999995
Agent_62,8,Do Nothing,False,False,False,0.06999999999999997,0.24999999999999994
Agent_63,8,Do Nothing,False,False,False,0.13000000000000006,0.2899999999999999
Agent_64,8,Only Flood Insurance,False,True,False,0.3500000000000001,0.29999999999999993
Agent_65,8,Only Flood Insurance,False,True,False,0.24999999999999992,0.2899999999999999
Agent_66,8,Do Nothing,False,False,False,0.24000000000000002,0.33999999999999997
Agent_67,8,Do Nothing,False,False,False,0.0,0.24
Agent_68,8,Do Nothing,False,False,False,0.09,0.30999999999999994
Agent_69,8,Do Nothing,False,False,False,0.019999999999999938,0.25999999999999995
Agent_7,8,Do Nothing,False,False,False,0.16999999999999996,0.20999999999999996
Agent_70,8,Do Nothing,False,False,False,0.1,0.35
Agent_71,8,Only Flood Insurance,False,True,False,0.44000000000000017,0.36999999999999994
Agent_72,8,Only Flood Insurance,False,True,False,0.29000000000000004,0.29999999999999993
Agent_73,8,Do Nothing,False,False,False,0.3600000000000001,0.21999999999999997
Agent_74,8,Only Flood Insurance,False,True,False,0.23999999999999996,0.31999999999999995
Agent_75,8,Only Flood Insurance,False,True,False,0.02,0.27999999999999997
Agent_76,8,Only Flood Insurance,False,True,False,0.24000000000000002,0.35999999999999993
Agent_77,8,Only Flood Insurance,False,True,False,0.3500000000000001,0.25999999999999995
Agent_78,8,Only Flood Insurance,False,True,False,0.3500000000000001,0.18999999999999995
Agent_79,8,Only House Elevation,True,False,False,0.33000000000000007,0.30999999999999994
Agent_8,8,Do Nothing,False,False,False,0.04999999999999999,0.21999999999999997
Agent_80,8,Do Nothing,False,False,False,0.21999999999999992,0.27999999999999997
Agent_81,8,Only Flood Insurance,False,True,False,0.3100000000000001,0.19999999999999996
Agent_82,8,Do Nothing,False,False,False,0.21000000000000002,0.24999999999999994
Agent_83,8,Both Flood Insurance and House Elevation,True,True,False,0.19999999999999998,0.22999999999999998
Agent_84,8,Do Nothing,False,False,False,0.3399999999999999,0.25999999999999995
Agent_85,8,Only Flood Insurance,False,True,False,0.41999999999999993,0.30999999999999994
Agent_86,8,Only Flood Insurance,False,True,False,0.31,0.36999999999999994
Agent_87,8,Do Nothing,False,False,False,0.31999999999999995,0.39999999999999997
Agent_88,8,Only Flood Insurance,False,True,False,0.6500000000000001,0.3399999999999999
Agent_89,8,Only Flood Insurance,False,True,False,0.27,0.36999999999999994
Agent_9,8,Do Nothing,False,False,False,0.04999999999999996,0.25999999999999995
Agent_90,8,Only Flood Insurance,False,True,False,0.22999999999999995,0.22999999999999993
Agent_91,8,Do Nothing,False,False,False,0.09000000000000002,0.25999999999999995
Agent_92,8,Only House Elevation,True,False,False,0.13000000000000003,0.25999999999999995
Agent_93,8,Both Flood Insurance and House Elevation,True,True,False,0.3500000000000001,0.3899999999999999
Agent_94,8,Only Flood Insurance,False,True,False,0.21999999999999997,0.35
Agent_95,8,Do Nothing,False,False,False,0.17000000000000004,0.35999999999999993
Agent_96,8,Only Flood Insurance,False,True,False,0.16,0.33999999999999997
Agent_97,8,Do Nothing,False,False,False,0.28,0.31999999999999995
Agent_98,8,Only Flood Insurance,False,True,False,0.5200000000000001,0.33999999999999997
Agent_99,8,Only Flood Insurance,False,True,False,0.4900000000000001,0.37999999999999995
Agent_1,9,Only Flood Insurance,False,True,False,0.30000000000000016,0.2899999999999999
Agent_10,9,Both Flood Insurance and House Elevation,True,True,False,0.4100000000000001,0.3399999999999999
Agent_100,9,Only Flood Insurance,False,True,False,0.0,0.30999999999999994
Agent_11,9,Only Flood Insurance,False,True,False,0.09999999999999995,0.39999999999999997
Agent_12,9,Only Flood Insurance,False,True,False,0.10999999999999999,0.2699999999999999
Agent_13,9,Only Flood Insurance,False,True,False,0.12000000000000001,0.26999999999999996
Agent_14,9,Both Flood Insurance and House Elevation,True,True,False,0.35000000000000003,0.4099999999999999
Agent_15,9,Only Flood Insurance,False,True,False,0.32999999999999996,0.31999999999999995
Agent_16,9,Only Flood Insurance,False,True,False,0.27000000000000013,0.32999999999999996
Agent_17,9,Only Flood Insurance,False,True,False,0.06999999999999995,0.35
Agent_18,9,Only Flood Insurance,False,True,False,0.29000000000000015,0.3299999999999999
Agent_19,9,Do Nothing,False,False,False,0.35999999999999993,0.18999999999999995
Agent_2,9,Only Flood Insurance,False,True,False,0.21999999999999997,0.3399999999999999
Agent_20,9,Do Nothing,False,False,False,0.4099999999999999,0.21999999999999997
Agent_21,9,Only Flood Insurance,False,True,False,0.3800000000000001,0.24999999999999994
Agent_22,9,Only Flood Insurance,False,True,False,0.43000000000000016,0.30999999999999994
Agent_23,9,Only Flood Insurance,False,True,False,0.12000000000000001,0.37
Agent_24,9,Both Flood Insurance and House Elevation,True,True,False,0.54,0.4099999999999999
Agent_25,9,Both Flood Insurance and House Elevation,True,True,False,0.21000000000000002,0.3399999999999999
Agent_26,9,Only Flood Insurance,False,True,False,0.34000000000000014,0.21999999999999992
Agent_27,9,Do Nothing,False,False,False,0.23,0.20999999999999996
Agent_28,9,Only Flood Insurance,False,True,False,0.0,0.36
Agent_29,9,Only Flood Insurance,False,True,False,0.4500000000000002,0.3299999999999999
Agent_3,9,Only Flood Insurance,False,True,False,0.40000000000000013,0.24999999999999994
Agent_30,9,Only Flood Insurance,False,True,False,0.18,0.27999999999999997
Agent_31,9,Do Nothing,False,False,False,0.18,0.20999999999999996
Agent_32,9,Do Nothing,False,False,False,0.02999999999999999,0.22999999999999998
Agent_33,9,Both Flood Insurance and House Elevation,True,True,False,0.43000000000000016,0.38
Agent_34,9,Both Flood Insurance and House Elevation,True,True,False,0.5300000000000001,0.43999999999999995
Agent_35,9,Only Flood Insurance,False,True,False,0.0,0.32999999999999996
Agent_36,9,Do Nothing,False,False,False,0.35000000000000003,0.18999999999999995
Agent_37,9,Only Flood Insurance,False,True,False,0.4800000000000001,0.37999999999999995
Agent_38,9,Only Flood Insurance,False,True,False,0.23,0.23999999999999994
Agent_39,9,Only Flood Insurance,False,True,False,0.1399999999999999,0.30999999999999994
Agent_4,9,Only Flood Insurance,False,True,False,0.09,0.20999999999999996
Agent_40,9,Both Flood Insurance and House Elevation,True,True,False,0.17,0.35
Agent_41,9,Do Nothing,False,False,False,0.2699999999999999,0.21999999999999992
Agent_42,9,Only Flood Insurance,False,True,False,0.42999999999999994,0.24999999999999994
Agent_43,9,Only Flood Insurance,False,True,False,0.28000000000000014,0.30999999999999994
Agent_44,9,Only Flood Insurance,False,True,False,0.1399999999999999,0.26999999999999996
Agent_45,9,Only House Elevation,True,False,False,0.5200000000000001,0.30999999999999994
Agent_46,9,Do Nothing,False,False,False,0.29999999999999993,0.30999999999999994
Agent_47,9,Only Flood Insurance,False,True,False,0.32999999999999996,0.22999999999999993
Agent_48,9,Only Flood Insurance,False,True,False,0.2899999999999998,0.26999999999999996
Agent_49,9,Both Flood Insurance and House Elevation,True,True,False,0.45000000000000007,0.42
Agent_5,9,Only Flood Insurance,False,True,False,0.04999999999999999,0.17999999999999994
Agent_50,9,Only Flood Insurance,False,True,False,0.2600000000000001,0.26999999999999996
Agent_51,9,Only House Elevation,True,False,False,0.35000000000000003,0.29999999999999993
Agent_52,9,Do Nothing,False,False,False,0.36999999999999994,0.19999999999999996
Agent_53,9,Only Flood Insurance,False,True,False,0.0,0.25999999999999995
Agent_54,9,Do Nothing,False,False,False,0.3299999999999999,0.2899999999999999
Agent_55,9,Only Flood Insurance,False,True,False,0.25999999999999984,0.29999999999999993
Agent_56,9,Only Flood Insurance,False,True,False,0.41000000000000014,0.24999999999999994
Agent_57,9,Only Flood Insurance,False,True,False,0.41999999999999993,0.2799999999999999
Agent_58,9,Only Flood Insurance,False,True,False,0.33000000000000007,0.31999999999999995
Agent_59,9,Do Nothing,False,False,False,0.24000000000000005,0.20999999999999996
Agent_6,9,Only Flood Insurance,False,True,False,0.11999999999999997,0.20999999999999996
Agent_60,9,Do Nothing,False,False,False,0.12000000000000006,0.3199999999999999
Agent_61,9,Only Flood Insurance,False,True,False,0.18000000000000002,0.17999999999999994
Agent_62,9,Only Flood Insurance,False,True,False,0.0,0.23999999999999994
Agent_63,9,Do Nothing,False,False,False,0.11000000000000006,0.2799999999999999
Agent_64,9,Only Flood Insurance,False,True,False,0.2500000000000001,0.2899999999999999
Agent_65,9,Only Flood Insurance,False,True,False,0.1499999999999999,0.2799999999999999
Agent_66,9,Do Nothing,False,False,False,0.22000000000000003,0.32999999999999996
Agent_67,9,Do Nothing,False,False,False,0.0,0.22999999999999998
Agent_68,9,Do Nothing,False,False,False,0.14,0.29999999999999993
Agent_69,9,Do Nothing,False,False,False,0.06999999999999994,0.24999999999999994
Agent_7,9,Only Flood Insurance,False,True,False,0.06999999999999995,0.19999999999999996
Agent_70,9,Only Flood Insurance,False,True,False,0.0,0.33999999999999997
Agent_71,9,Only Flood Insurance,False,True,False,0.3400000000000002,0.35999999999999993
Agent_72,9,Only Flood Insurance,False,True,False,0.19000000000000003,0.2899999999999999
Agent_73,9,Only Flood Insurance,False,True,False,0.2600000000000001,0.20999999999999996
Agent_74,9,Only Flood Insurance,False,True,False,0.13999999999999996,0.30999999999999994
Agent_75,9,Do Nothing,False,False,False,0.0,0.26999999999999996
Agent_76,9,Do Nothing,False,False,False,0.29000000000000004,0.3499999999999999
Agent_77,9,Only Flood Insurance,False,True,False,0.2500000000000001,0.24999999999999994
Agent_78,9,Only Flood Insurance,False,True,False,0.3700000000000001,0.17999999999999994
Agent_79,9,Both Flood Insurance and House Elevation,True,True,False,0.3500000000000001,0.29999999999999993
Agent_8,9,Only Flood Insurance,False,True,False,0.0,0.20999999999999996
Agent_80,9,Do Nothing,False,False,False,0.2699999999999999,0.26999999999999996
Agent_81,9,Only Flood Insurance,False,True,False,0.2100000000000001,0.18999999999999995
Agent_82,9,Do Nothing,False,False,False,0.19000000000000003,0.23999999999999994
Agent_83,9,Both Flood Insurance and House Elevation,True,True,False,0.21999999999999997,0.21999999999999997
Agent_84,9,Do Nothing,False,False,False,0.3199999999999999,0.24999999999999994
Agent_85,9,Only Flood Insurance,False,True,False,0.31999999999999995,0.29999999999999993
Agent_86,9,Only Flood Insurance,False,True,False,0.33,0.35999999999999993
Agent_87,9,Only Flood Insurance,False,True,False,0.21999999999999995,0.38999999999999996
Agent_88,9,Only Flood Insurance,False,True,False,0.5500000000000002,0.3299999999999999
Agent_89,9,Only House Elevation,True,False,False,0.32,0.35999999999999993
Agent_9,9,Do Nothing,False,False,False,0.09999999999999996,0.24999999999999994
Agent_90,9,Only Flood Insurance,False,True,False,0.12999999999999995,0.21999999999999992
Agent_91,9,Only Flood Insurance,False,True,False,0.11000000000000003,0.24999999999999994
Agent_92,9,Both Flood Insurance and House Elevation,True,True,False,0.030000000000000027,0.24999999999999994
Agent_93,9,Only House Elevation,True,False,False,0.33000000000000007,0.3799999999999999
Agent_94,9,Only Flood Insurance,False,True,False,0.11999999999999997,0.33999999999999997
Agent_95,9,Do Nothing,False,False,False,0.15000000000000005,0.3499999999999999
Agent_96,9,Only Flood Insurance,False,True,False,0.06,0.32999999999999996
Agent_97,9,Only Flood Insurance,False,True,False,0.18000000000000002,0.30999999999999994
Agent_98,9,Only Flood Insurance,False,True,False,0.5400000000000001,0.32999999999999996
Agent_99,9,Only Flood Insurance,False,True,False,0.5100000000000001,0.36999999999999994
Agent_1,10,Only Flood Insurance,False,True,False,0.3200000000000002,0.2799999999999999
Agent_10,10,Both Flood Insurance and House Elevation,True,True,False,0.4300000000000001,0.3299999999999999
Agent_100,10,Only Flood Insurance,False,True,False,0.02,0.29999999999999993
Agent_11,10,Only Flood Insurance,False,True,False,0.11999999999999995,0.38999999999999996
Agent_12,10,Only Flood Insurance,False,True,False,0.12999999999999998,0.2599999999999999
Agent_13,10,Only Flood Insurance,False,True,False,0.14,0.25999999999999995
Agent_14,10,Both Flood Insurance and House Elevation,True,True,False,0.37000000000000005,0.3999999999999999
Agent_15,10,Do Nothing,False,False,False,0.30999999999999994,0.30999999999999994
Agent_16,10,Only Flood Insurance,False,True,False,0.29000000000000015,0.31999999999999995
Agent_17,10,Only Flood Insurance,False,True,False,0.08999999999999996,0.33999999999999997
Agent_18,10,Only Flood Insurance,False,True,False,0.31000000000000016,0.3199999999999999
Agent_19,10,Only Flood Insurance,False,True,False,0.37999999999999995,0.17999999999999994
Agent_2,10,Only Flood Insurance,False,True,False,0.23999999999999996,0.3299999999999999
Agent_20,10,Do Nothing,False,False,False,0.3899999999999999,0.20999999999999996
Agent_21,10,Only Flood Insurance,False,True,False,0.40000000000000013,0.23999999999999994
Agent_22,10,Only Flood Insurance,False,True,False,0.4500000000000002,0.29999999999999993
Agent_23,10,Only Flood Insurance,False,True,False,0.14,0.36
Agent_24,10,Both Flood Insurance and House Elevation,True,True,False,0.56,0.3999999999999999
Agent_25,10,Both Flood Insurance and House Elevation,True,True,False,0.23,0.3299999999999999
Agent_26,10,Only Flood Insurance,False,True,False,0.36000000000000015,0.2099999999999999
Agent_27,10,Do Nothing,False,False,False,0.21000000000000002,0.19999999999999996
Agent_28,10,Only Flood Insurance,False,True,False,0.02,0.35
Agent_29,10,Only Flood Insurance,False,True,False,0.4700000000000002,0.3199999999999999
Agent_3,10,Only Flood Insurance,False,True,False,0.42000000000000015,0.23999999999999994
Agent_30,10,Only Flood Insurance,False,True,False,0.19999999999999998,0.26999999999999996
Agent_31,10,Do Nothing,False,False,False,0.16,0.19999999999999996
Agent_32,10,Do Nothing,False,False,False,0.009999999999999988,0.21999999999999997
Agent_33,10,Both Flood Insurance and House Elevation,True,True,False,0.4500000000000002,0.37
Agent_34,10,Both Flood Insurance and House Elevation,True,True,False,0.5500000000000002,0.42999999999999994
Agent_35,10,Do Nothing,False,False,False,0.0,0.31999999999999995
Agent_36,10,Only Flood Insurance,False,True,False,0.37000000000000005,0.17999999999999994
Agent_37,10,Only Flood Insurance,False,True,False,0.5000000000000001,0.36999999999999994
Agent_38,10,Only House Elevation,True,False,False,0.21000000000000002,0.22999999999999993
Agent_39,10,Do Nothing,False,False,False,0.1199999999999999,0.29999999999999993
Agent_4,10,Only Flood Insurance,False,True,False,0.11,0.19999999999999996
Agent_40,10,Both Flood Insurance and House Elevation,True,True,False,0.19,0.33999999999999997
Agent_41,10,Only Flood Insurance,False,True,False,0.2899999999999999,0.2099999999999999
Agent_42,10,Do Nothing,False,False,False,0.4099999999999999,0.23999999999999994
Agent_43,10,Only Flood Insurance,False,True,False,0.30000000000000016,0.29999999999999993
Agent_44,10,Do Nothing,False,False,False,0.1199999999999999,0.25999999999999995
Agent_45,10,Both Flood Insurance and House Elevation,True,True,False,0.5400000000000001,0.29999999999999993
Agent_46,10,Only Flood Insurance,False,True,False,0.31999999999999995,0.29999999999999993
Agent_47,10,Do Nothing,False,False,False,0.30999999999999994,0.21999999999999992
Agent_48,10,Do Nothing,False,False,False,0.2699999999999998,0.25999999999999995
Agent_49,10,Both Flood Insurance and House Elevation,True,True,False,0.4700000000000001,0.41
Agent_5,10,Only Flood Insurance,False,True,False,0.06999999999999999,0.16999999999999993
Agent_50,10,Only Flood Insurance,False,True,False,0.28000000000000014,0.25999999999999995
Agent_51,10,Both Flood Insurance and House Elevation,True,True,False,0.37000000000000005,0.2899999999999999
Agent_52,10,Do Nothing,False,False,False,0.3499999999999999,0.18999999999999995
Agent_53,10,Only Flood Insurance,False,True,False,0.02,0.24999999999999994
Agent_54,10,Only Flood Insurance,False,True,False,0.3499999999999999,0.2799999999999999
Agent_55,10,Do Nothing,False,False,False,0.23999999999999985,0.2899999999999999
Agent_56,10,Only Flood Insurance,False,True,False,0.43000000000000016,0.23999999999999994
Agent_57,10,Do Nothing,False,False,False,0.3999999999999999,0.2699999999999999
Agent_58,10,Only Flood Insurance,False,True,False,0.3500000000000001,0.30999999999999994
Agent_59,10,Only Flood Insurance,False,True,False,0.26000000000000006,0.19999999999999996
Agent_6,10,Only Flood Insurance,False,True,False,0.13999999999999996,0.19999999999999996
Agent_60,10,Do Nothing,False,False,False,0.10000000000000006,0.3099999999999999
Agent_61,10,Only Flood Insurance,False,True,False,0.2,0.16999999999999993
Agent_62,10,Do Nothing,False,False,False,0.0,0.22999999999999993
Agent_63,10,Only Flood Insurance,False,True,False,0.13000000000000006,0.2699999999999999
Agent_64,10,Only Flood Insurance,False,True,False,0.27000000000000013,0.2799999999999999
Agent_65,10,Only Flood Insurance,False,True,False,0.1699999999999999,0.2699999999999999
Agent_66,10,Only Flood Insurance,False,True,False,0.24000000000000002,0.31999999999999995
Agent_67,10,Only Flood Insurance,False,True,False,0.02,0.21999999999999997
Agent_68,10,Do Nothing,False,False,False,0.12000000000000001,0.2899999999999999
Agent_69,10,Only Flood Insurance,False,True,False,0.08999999999999994,0.23999999999999994
Agent_7,10,Only Flood Insurance,False,True,False,0.08999999999999996,0.18999999999999995
Agent_70,10,Only Flood Insurance,False,True,False,0.02,0.32999999999999996
Agent_71,10,Only Flood Insurance,False,True,False,0.3600000000000002,0.3499999999999999
Agent_72,10,Only Flood Insurance,False,True,False,0.21000000000000002,0.2799999999999999
Agent_73,10,Only Flood Insurance,False,True,False,0.28000000000000014,0.19999999999999996
Agent_74,10,Only Flood Insurance,False,True,False,0.15999999999999995,0.29999999999999993
Agent_75,10,Only Flood Insurance,False,True,False,0.02,0.25999999999999995
Agent_76,10,Only Flood Insurance,False,True,False,0.31000000000000005,0.3399999999999999
Agent_77,10,Only Flood Insurance,False,True,False,0.27000000000000013,0.23999999999999994
Agent_78,10,Only Flood Insurance,False,True,False,0.3900000000000001,0.16999999999999993
Agent_79,10,Both Flood Insurance and House Elevation,True,True,False,0.3700000000000001,0.2899999999999999
Agent_8,10,Only Flood Insurance,False,True,False,0.02,0.19999999999999996
Agent_80,10,Do Nothing,False,False,False,0.24999999999999992,0.25999999999999995
Agent_81,10,Only Flood Insurance,False,True,False,0.2300000000000001,0.17999999999999994
Agent_82,10,Only Flood Insurance,False,True,False,0.21000000000000002,0.22999999999999993
Agent_83,10,Both Flood Insurance and House Elevation,True,True,False,0.23999999999999996,0.20999999999999996
Agent_84,10,Only Flood Insurance,False,True,False,0.3399999999999999,0.23999999999999994
Agent_85,10,Do Nothing,False,False,False,0.29999999999999993,0.2899999999999999
Agent_86,10,Only Flood Insurance,False,True,False,0.35000000000000003,0.3499999999999999
Agent_87,10,Only Flood Insurance,False,True,False,0.23999999999999994,0.37999999999999995
Agent_88,10,Only Flood Insurance,False,True,False,0.5700000000000002,0.3199999999999999
Agent_89,10,Both Flood Insurance and House Elevation,True,True,False,0.34,0.3499999999999999
Agent_9,10,Do Nothing,False,False,False,0.07999999999999996,0.23999999999999994
Agent_90,10,Only Flood Insurance,False,True,False,0.14999999999999994,0.2099999999999999
Agent_91,10,Only Flood Insurance,False,True,False,0.13000000000000003,0.23999999999999994
Agent_92,10,Both Flood Insurance and House Elevation,True,True,False,0.05000000000000003,0.23999999999999994
Agent_93,10,Both Flood Insurance and House Elevation,True,True,False,0.3500000000000001,0.3699999999999999
Agent_94,10,Only House Elevation,True,False,False,0.09999999999999996,0.32999999999999996
Agent_95,10,Do Nothing,False,False,False,0.13000000000000006,0.3399999999999999
Agent_96,10,Only Flood Insurance,False,True,False,0.08,0.31999999999999995
Agent_97,10,Only Flood Insurance,False,True,False,0.2,0.29999999999999993
Agent_98,10,Only Flood Insurance,False,True,False,0.5600000000000002,0.31999999999999995
Agent_99,10,Only Flood Insurance,False,True,False,0.5300000000000001,0.35999999999999993
